Method,NumberOfFeatures,Accuracy,Fitness
SFO,3,0.9074074074074074,0.46324786324786327
GA,3,0.9074074074074074,0.5076923076923077
EHO,3,0.8703703703703703,0.5076923076923077
